{"featureIndices":[642,813,1238,341,458,563,1260,810,86,504,644,781,535,396,73,1050,990,15,34,950,1239,534,544,650,627,1018,584,388,227,13,27,442,251,1058,1223,1077,782,370,998,200,269,1009,1062,1274,402,158,1255,462,127,901,313,716,175,422,284,1151,729,307,858,615,1165,1242,1057,560,357,1264,663,292,697,1069,1024,537,593,704,940,870,801,16,1030,338,238,995,1159,1190,90,479,564,951,1258,601,606,602,171,1033,331,166,496,1271,889,468,688,336,1066,379,250,114,776,257,226,1014,116,993,952,540,83,918,272,703,100,102,48,173,385,202,987,879,630,1060,545,939,71,1170,783,728,190,973,1128,367,1161,1221,1020,1049,1043,883,1104,1174,115,746,482,237,108,376,398,325,1041,633,185,198,381,456,737,332,248,706,414,984,236,1153,147,1182,1224,614,529,1150,492,391,119,393,219,439,318,1272,258,965,1003,527,567,1100,641,260,263,547,554,539,807,1241,464,744,345,176,362,787,76,981,625,1080,837,445,5,757,441,1053,487,94,109,411,587,290,405,942,169,679,980,101,296,1138,804,43,1230,183,54,420,89,721,869,1028,155,962,662,1166,193,265,798,324,790,152,1186,561,690,231,785,631,1220,1081,927,937,1202,459,92,1152,146,655,875,1213,865,752,436,719,1273,548,1157,387,832,451,941,1075,18,135,960,501,1094,134,585,795,557,65,618,1148,891,465,270,453,287,864,664,788,802,1243,432,311,893,559,328,603,69,651,159,852,966,769,1106,355,745,670,53,675,223,360,85,1158,1253,399,416,1172,985,667,756,60,1193,499,444,1011,28,208,1214,1276,877,1038,1092,97,344,794,11,126,245,568,201,843,765,424,1093,700,133,743,511,638,282,490,917,528,764,542,488,1042,645,859,637,224,389,1063,240,796,988,760,953,676,908,1277,828,107,406,914,596,1196,67,130,19,1211,1257,230,948,652,74,303,880,913,1173,691,1219,928],"weights":[-2.9500653743743896,2.4548332691192627,2.177102565765381,2.1614601612091064,2.142941474914551,2.1163976192474365,2.0592093467712402,-1.9946179389953613,-1.9793297052383423,-1.9561580419540405,1.9087203741073608,1.8900741338729858,-1.878638505935669,1.770838737487793,-1.7618567943572998,1.7476143836975098,-1.6952625513076782,1.6935518980026245,-1.6582794189453125,-1.6074557304382324,-1.6064594984054565,1.5867013931274414,1.5801045894622803,1.568212866783142,1.5622702836990356,-1.5595612525939941,1.5526559352874756,-1.514769196510315,1.5080012083053589,-1.5061631202697754,1.488978624343872,-1.4814187288284302,1.4774140119552612,1.4579105377197266,-1.4558136463165283,1.4533389806747437,-1.4437655210494995,1.4363155364990234,1.4188778400421143,-1.417400598526001,-1.4173998832702637,1.4167238473892212,1.4135358333587646,-1.413023829460144,-1.399629831314087,-1.3918819427490234,-1.3891364336013794,-1.3880856037139893,1.386273741722107,1.3758747577667236,-1.336970567703247,1.3331130743026733,1.3294317722320557,1.3217467069625854,-1.316648006439209,1.3139842748641968,-1.3071073293685913,1.2976256608963013,1.2837677001953125,1.2729859352111816,1.2667038440704346,-1.2666420936584473,1.2657060623168945,1.2596657276153564,-1.2394442558288574,-1.2347241640090942,1.230161428451538,-1.2275750637054443,-1.2267663478851318,1.2248148918151855,1.1953554153442383,-1.1910382509231567,-1.186232089996338,1.1791290044784546,1.171143651008606,-1.1694642305374146,-1.1527070999145508,-1.1431403160095215,1.1419529914855957,-1.1403788328170776,-1.139206886291504,-1.132628083229065,1.1311429738998413,1.1230827569961548,-1.1219457387924194,-1.1218940019607544,-1.1211172342300415,1.117737054824829,-1.0944384336471558,1.089807152748108,-1.0897804498672485,-1.0888746976852417,-1.082320213317871,1.082149624824524,-1.08050537109375,1.080460548400879,-1.0784695148468018,1.0726076364517212,-1.0659239292144775,-1.0652519464492798,1.0618406534194946,-1.0612950325012207,1.0444949865341187,-1.0311142206192017,-1.0279450416564941,-1.0226057767868042,-1.0177868604660034,-1.0148459672927856,-1.0142678022384644,-1.0128885507583618,-1.0055395364761353,0.9959926605224609,-0.9826067090034485,-0.980289876461029,0.9770402312278748,0.9707050323486328,-0.9662383198738098,-0.9638713002204895,0.961387574672699,0.9568794369697571,0.9552672505378723,-0.9548959732055664,-0.9525427222251892,0.948020875453949,-0.9444950819015503,0.9409816861152649,-0.9377690553665161,-0.9353626370429993,-0.9314715266227722,0.9302424788475037,-0.9285160303115845,0.9256336092948914,-0.9217138290405273,0.9163030982017517,0.9141321182250977,0.9077895283699036,-0.9073758125305176,0.9073476791381836,-0.90706866979599,0.9055643081665039,-0.9034082293510437,0.895950198173523,-0.8944639563560486,0.8930284380912781,-0.8912176489830017,-0.8911578059196472,0.8908047676086426,-0.8898037672042847,0.8875660300254822,-0.8857090473175049,-0.8829845786094666,-0.8816852569580078,-0.8801880478858948,0.8795624375343323,0.8769185543060303,-0.8746162056922913,0.8656968474388123,0.8648762106895447,-0.8568324446678162,0.8559380769729614,-0.8548183441162109,0.8516897559165955,0.8493812680244446,0.847496747970581,-0.844288170337677,-0.8424736261367798,0.8420617580413818,0.8343058228492737,0.832621157169342,0.8323811292648315,-0.8243182301521301,-0.8222123384475708,-0.8158482313156128,0.8153350353240967,0.8152119517326355,0.8121411204338074,0.8102538585662842,0.8099964261054993,-0.8086481094360352,-0.7998284101486206,0.7993481159210205,0.7984218597412109,0.7968024611473083,0.7960858345031738,0.7954569458961487,-0.7905759215354919,0.7851163744926453,0.7824060320854187,0.7802390456199646,0.7761716246604919,0.7755553126335144,0.7730723023414612,0.7634644508361816,0.7633641958236694,0.7609319686889648,0.7586076259613037,0.7583569288253784,-0.7574021816253662,0.7565558552742004,-0.7558984756469727,0.7536321878433228,0.7487274408340454,0.7482824325561523,0.7457870244979858,0.7446171641349792,-0.7438045740127563,-0.739997148513794,-0.7395145297050476,0.7393885850906372,-0.7392691373825073,0.7391261458396912,-0.7377798557281494,0.7370781302452087,-0.7361315488815308,-0.733185887336731,0.7323712706565857,-0.7317434549331665,-0.7288654446601868,0.7275511622428894,-0.7274608016014099,-0.7267265915870667,0.7204827666282654,-0.7194513082504272,-0.7166405320167542,0.7144883275032043,0.7143197059631348,-0.7136374711990356,-0.7121995091438293,-0.7094405293464661,0.7087039351463318,-0.7057517766952515,-0.7022908926010132,0.7017187476158142,0.7010524272918701,0.7003045082092285,0.6999254822731018,0.6995773315429688,-0.6963855028152466,-0.6948882937431335,-0.6942867636680603,-0.6938294172286987,-0.6911567449569702,-0.6872287392616272,0.6871179342269897,-0.6862847805023193,0.685947597026825,-0.684021532535553,0.6824836134910583,0.6819408535957336,0.6818749308586121,0.681221067905426,-0.6805099248886108,-0.6802113652229309,0.6785088777542114,0.6784634590148926,-0.6779754161834717,0.6774893403053284,0.6765540838241577,-0.6758766770362854,-0.6723799705505371,0.6693490147590637,0.6674150228500366,-0.6672310829162598,0.6649320125579834,-0.6639664173126221,0.6635556221008301,0.6599094271659851,-0.6592366695404053,0.656482994556427,0.6562709212303162,0.6548959016799927,-0.647591233253479,-0.6440748572349548,-0.6435962915420532,-0.6433368921279907,-0.6423492431640625,-0.6351470351219177,0.6328970193862915,0.6326786279678345,0.6317638158798218,-0.6317084431648254,-0.6305413842201233,-0.6300604343414307,-0.624514102935791,-0.6228958964347839,0.6217408776283264,0.6191775798797607,0.6189000606536865,-0.6187264323234558,0.6181557774543762,0.6159031391143799,-0.6127534508705139,-0.6127022504806519,0.6116228103637695,-0.6079721450805664,0.6075089573860168,0.6071407198905945,0.6069902181625366,-0.6063341498374939,0.6012191772460938,0.6009320020675659,0.5975484848022461,-0.5953918099403381,-0.5933458805084229,0.585663914680481,0.5822856426239014,-0.5798324942588806,-0.5774726271629333,0.5772770047187805,0.5742684006690979,0.5726152658462524,0.5718689560890198,-0.5716121792793274,-0.5711629986763,0.5686691999435425,0.567818820476532,0.5620203018188477,-0.5611259937286377,-0.561123251914978,-0.561102569103241,-0.5610373020172119,0.5603379607200623,-0.5596469044685364,0.5590524077415466,0.5587206482887268,0.5576909780502319,